Collection,Category,ALT_Text_EN
Ignored,T-shirt,Ignored T-shirt by Typowear – expressive streetwear piece with hidden typographic message in minimalist form.
Ignored,Tank top,Ignored Tank top by Typowear – expressive streetwear piece with hidden typographic message in minimalist form.
Ignored,Hoodie,Ignored Hoodie by Typowear – expressive streetwear piece with hidden typographic message in minimalist form.
Ignored,Jacket,Ignored Jacket by Typowear – expressive streetwear piece with hidden typographic message in minimalist form.
Ignored,Hat,Ignored Hat by Typowear – expressive streetwear piece with hidden typographic message in minimalist form.
Ignored,Bag,Ignored Bag by Typowear – expressive streetwear piece with hidden typographic message in minimalist form.
Ignored,Shoes,Ignored Shoes by Typowear – expressive streetwear piece with hidden typographic message in minimalist form.
No sense,T-shirt,No sense T-shirt by Typowear – expressive streetwear piece with hidden typographic message in minimalist form.
No sense,Tank top,No sense Tank top by Typowear – expressive streetwear piece with hidden typographic message in minimalist form.
No sense,Hoodie,No sense Hoodie by Typowear – expressive streetwear piece with hidden typographic message in minimalist form.
No sense,Jacket,No sense Jacket by Typowear – expressive streetwear piece with hidden typographic message in minimalist form.
No sense,Hat,No sense Hat by Typowear – expressive streetwear piece with hidden typographic message in minimalist form.
No sense,Bag,No sense Bag by Typowear – expressive streetwear piece with hidden typographic message in minimalist form.
No sense,Shoes,No sense Shoes by Typowear – expressive streetwear piece with hidden typographic message in minimalist form.
Shitshow,T-shirt,Shitshow T-shirt by Typowear – expressive streetwear piece with hidden typographic message in minimalist form.
Shitshow,Tank top,Shitshow Tank top by Typowear – expressive streetwear piece with hidden typographic message in minimalist form.
Shitshow,Hoodie,Shitshow Hoodie by Typowear – expressive streetwear piece with hidden typographic message in minimalist form.
Shitshow,Jacket,Shitshow Jacket by Typowear – expressive streetwear piece with hidden typographic message in minimalist form.
Shitshow,Hat,Shitshow Hat by Typowear – expressive streetwear piece with hidden typographic message in minimalist form.
Shitshow,Bag,Shitshow Bag by Typowear – expressive streetwear piece with hidden typographic message in minimalist form.
Shitshow,Shoes,Shitshow Shoes by Typowear – expressive streetwear piece with hidden typographic message in minimalist form.
Silent judgement,T-shirt,Silent judgement T-shirt by Typowear – expressive streetwear piece with hidden typographic message in minimalist form.
Silent judgement,Tank top,Silent judgement Tank top by Typowear – expressive streetwear piece with hidden typographic message in minimalist form.
Silent judgement,Hoodie,Silent judgement Hoodie by Typowear – expressive streetwear piece with hidden typographic message in minimalist form.
Silent judgement,Jacket,Silent judgement Jacket by Typowear – expressive streetwear piece with hidden typographic message in minimalist form.
Silent judgement,Hat,Silent judgement Hat by Typowear – expressive streetwear piece with hidden typographic message in minimalist form.
Silent judgement,Bag,Silent judgement Bag by Typowear – expressive streetwear piece with hidden typographic message in minimalist form.
Silent judgement,Shoes,Silent judgement Shoes by Typowear – expressive streetwear piece with hidden typographic message in minimalist form.
Embrace the chaos,T-shirt,Embrace the chaos T-shirt by Typowear – expressive streetwear piece with hidden typographic message in minimalist form.
Embrace the chaos,Tank top,Embrace the chaos Tank top by Typowear – expressive streetwear piece with hidden typographic message in minimalist form.
Embrace the chaos,Hoodie,Embrace the chaos Hoodie by Typowear – expressive streetwear piece with hidden typographic message in minimalist form.
Embrace the chaos,Jacket,Embrace the chaos Jacket by Typowear – expressive streetwear piece with hidden typographic message in minimalist form.
Embrace the chaos,Hat,Embrace the chaos Hat by Typowear – expressive streetwear piece with hidden typographic message in minimalist form.
Embrace the chaos,Bag,Embrace the chaos Bag by Typowear – expressive streetwear piece with hidden typographic message in minimalist form.
Embrace the chaos,Shoes,Embrace the chaos Shoes by Typowear – expressive streetwear piece with hidden typographic message in minimalist form.
Messy,T-shirt,Messy T-shirt by Typowear – expressive streetwear piece with hidden typographic message in minimalist form.
Messy,Tank top,Messy Tank top by Typowear – expressive streetwear piece with hidden typographic message in minimalist form.
Messy,Hoodie,Messy Hoodie by Typowear – expressive streetwear piece with hidden typographic message in minimalist form.
Messy,Jacket,Messy Jacket by Typowear – expressive streetwear piece with hidden typographic message in minimalist form.
Messy,Hat,Messy Hat by Typowear – expressive streetwear piece with hidden typographic message in minimalist form.
Messy,Bag,Messy Bag by Typowear – expressive streetwear piece with hidden typographic message in minimalist form.
Messy,Shoes,Messy Shoes by Typowear – expressive streetwear piece with hidden typographic message in minimalist form.
Crybaby,T-shirt,Crybaby T-shirt by Typowear – expressive streetwear piece with hidden typographic message in minimalist form.
Crybaby,Tank top,Crybaby Tank top by Typowear – expressive streetwear piece with hidden typographic message in minimalist form.
Crybaby,Hoodie,Crybaby Hoodie by Typowear – expressive streetwear piece with hidden typographic message in minimalist form.
Crybaby,Jacket,Crybaby Jacket by Typowear – expressive streetwear piece with hidden typographic message in minimalist form.
Crybaby,Hat,Crybaby Hat by Typowear – expressive streetwear piece with hidden typographic message in minimalist form.
Crybaby,Bag,Crybaby Bag by Typowear – expressive streetwear piece with hidden typographic message in minimalist form.
Crybaby,Shoes,Crybaby Shoes by Typowear – expressive streetwear piece with hidden typographic message in minimalist form.
Simpleminded,T-shirt,Simpleminded T-shirt by Typowear – expressive streetwear piece with hidden typographic message in minimalist form.
Simpleminded,Tank top,Simpleminded Tank top by Typowear – expressive streetwear piece with hidden typographic message in minimalist form.
Simpleminded,Hoodie,Simpleminded Hoodie by Typowear – expressive streetwear piece with hidden typographic message in minimalist form.
Simpleminded,Jacket,Simpleminded Jacket by Typowear – expressive streetwear piece with hidden typographic message in minimalist form.
Simpleminded,Hat,Simpleminded Hat by Typowear – expressive streetwear piece with hidden typographic message in minimalist form.
Simpleminded,Bag,Simpleminded Bag by Typowear – expressive streetwear piece with hidden typographic message in minimalist form.
Simpleminded,Shoes,Simpleminded Shoes by Typowear – expressive streetwear piece with hidden typographic message in minimalist form.
Fuckboy,T-shirt,Fuckboy T-shirt by Typowear – expressive streetwear piece with hidden typographic message in minimalist form.
Fuckboy,Tank top,Fuckboy Tank top by Typowear – expressive streetwear piece with hidden typographic message in minimalist form.
Fuckboy,Hoodie,Fuckboy Hoodie by Typowear – expressive streetwear piece with hidden typographic message in minimalist form.
Fuckboy,Jacket,Fuckboy Jacket by Typowear – expressive streetwear piece with hidden typographic message in minimalist form.
Fuckboy,Hat,Fuckboy Hat by Typowear – expressive streetwear piece with hidden typographic message in minimalist form.
Fuckboy,Bag,Fuckboy Bag by Typowear – expressive streetwear piece with hidden typographic message in minimalist form.
Fuckboy,Shoes,Fuckboy Shoes by Typowear – expressive streetwear piece with hidden typographic message in minimalist form.
Liar,T-shirt,Liar T-shirt by Typowear – expressive streetwear piece with hidden typographic message in minimalist form.
Liar,Tank top,Liar Tank top by Typowear – expressive streetwear piece with hidden typographic message in minimalist form.
Liar,Hoodie,Liar Hoodie by Typowear – expressive streetwear piece with hidden typographic message in minimalist form.
Liar,Jacket,Liar Jacket by Typowear – expressive streetwear piece with hidden typographic message in minimalist form.
Liar,Hat,Liar Hat by Typowear – expressive streetwear piece with hidden typographic message in minimalist form.
Liar,Bag,Liar Bag by Typowear – expressive streetwear piece with hidden typographic message in minimalist form.
Liar,Shoes,Liar Shoes by Typowear – expressive streetwear piece with hidden typographic message in minimalist form.
Can be a poser,T-shirt,Can be a poser T-shirt by Typowear – expressive streetwear piece with hidden typographic message in minimalist form.
Can be a poser,Tank top,Can be a poser Tank top by Typowear – expressive streetwear piece with hidden typographic message in minimalist form.
Can be a poser,Hoodie,Can be a poser Hoodie by Typowear – expressive streetwear piece with hidden typographic message in minimalist form.
Can be a poser,Jacket,Can be a poser Jacket by Typowear – expressive streetwear piece with hidden typographic message in minimalist form.
Can be a poser,Hat,Can be a poser Hat by Typowear – expressive streetwear piece with hidden typographic message in minimalist form.
Can be a poser,Bag,Can be a poser Bag by Typowear – expressive streetwear piece with hidden typographic message in minimalist form.
Can be a poser,Shoes,Can be a poser Shoes by Typowear – expressive streetwear piece with hidden typographic message in minimalist form.
Asshole,T-shirt,Asshole T-shirt by Typowear – expressive streetwear piece with hidden typographic message in minimalist form.
Asshole,Tank top,Asshole Tank top by Typowear – expressive streetwear piece with hidden typographic message in minimalist form.
Asshole,Hoodie,Asshole Hoodie by Typowear – expressive streetwear piece with hidden typographic message in minimalist form.
Asshole,Jacket,Asshole Jacket by Typowear – expressive streetwear piece with hidden typographic message in minimalist form.
Asshole,Hat,Asshole Hat by Typowear – expressive streetwear piece with hidden typographic message in minimalist form.
Asshole,Bag,Asshole Bag by Typowear – expressive streetwear piece with hidden typographic message in minimalist form.
Asshole,Shoes,Asshole Shoes by Typowear – expressive streetwear piece with hidden typographic message in minimalist form.
Wear any thought,T-shirt,Wear any thought T-shirt by Typowear – expressive streetwear piece with hidden typographic message in minimalist form.
Wear any thought,Tank top,Wear any thought Tank top by Typowear – expressive streetwear piece with hidden typographic message in minimalist form.
Wear any thought,Hoodie,Wear any thought Hoodie by Typowear – expressive streetwear piece with hidden typographic message in minimalist form.
Wear any thought,Jacket,Wear any thought Jacket by Typowear – expressive streetwear piece with hidden typographic message in minimalist form.
Wear any thought,Hat,Wear any thought Hat by Typowear – expressive streetwear piece with hidden typographic message in minimalist form.
Wear any thought,Bag,Wear any thought Bag by Typowear – expressive streetwear piece with hidden typographic message in minimalist form.
Wear any thought,Shoes,Wear any thought Shoes by Typowear – expressive streetwear piece with hidden typographic message in minimalist form.
Kiss me,T-shirt,Kiss me T-shirt by Typowear – expressive streetwear piece with hidden typographic message in minimalist form.
Kiss me,Tank top,Kiss me Tank top by Typowear – expressive streetwear piece with hidden typographic message in minimalist form.
Kiss me,Hoodie,Kiss me Hoodie by Typowear – expressive streetwear piece with hidden typographic message in minimalist form.
Kiss me,Jacket,Kiss me Jacket by Typowear – expressive streetwear piece with hidden typographic message in minimalist form.
Kiss me,Hat,Kiss me Hat by Typowear – expressive streetwear piece with hidden typographic message in minimalist form.
Kiss me,Bag,Kiss me Bag by Typowear – expressive streetwear piece with hidden typographic message in minimalist form.
Kiss me,Shoes,Kiss me Shoes by Typowear – expressive streetwear piece with hidden typographic message in minimalist form.
Get a grip,T-shirt,Get a grip T-shirt by Typowear – expressive streetwear piece with hidden typographic message in minimalist form.
Get a grip,Tank top,Get a grip Tank top by Typowear – expressive streetwear piece with hidden typographic message in minimalist form.
Get a grip,Hoodie,Get a grip Hoodie by Typowear – expressive streetwear piece with hidden typographic message in minimalist form.
Get a grip,Jacket,Get a grip Jacket by Typowear – expressive streetwear piece with hidden typographic message in minimalist form.
Get a grip,Hat,Get a grip Hat by Typowear – expressive streetwear piece with hidden typographic message in minimalist form.
Get a grip,Bag,Get a grip Bag by Typowear – expressive streetwear piece with hidden typographic message in minimalist form.
Get a grip,Shoes,Get a grip Shoes by Typowear – expressive streetwear piece with hidden typographic message in minimalist form.
Fuck off,T-shirt,Fuck off T-shirt by Typowear – expressive streetwear piece with hidden typographic message in minimalist form.
Fuck off,Tank top,Fuck off Tank top by Typowear – expressive streetwear piece with hidden typographic message in minimalist form.
Fuck off,Hoodie,Fuck off Hoodie by Typowear – expressive streetwear piece with hidden typographic message in minimalist form.
Fuck off,Jacket,Fuck off Jacket by Typowear – expressive streetwear piece with hidden typographic message in minimalist form.
Fuck off,Hat,Fuck off Hat by Typowear – expressive streetwear piece with hidden typographic message in minimalist form.
Fuck off,Bag,Fuck off Bag by Typowear – expressive streetwear piece with hidden typographic message in minimalist form.
Fuck off,Shoes,Fuck off Shoes by Typowear – expressive streetwear piece with hidden typographic message in minimalist form.
Go away,T-shirt,Go away T-shirt by Typowear – expressive streetwear piece with hidden typographic message in minimalist form.
Go away,Tank top,Go away Tank top by Typowear – expressive streetwear piece with hidden typographic message in minimalist form.
Go away,Hoodie,Go away Hoodie by Typowear – expressive streetwear piece with hidden typographic message in minimalist form.
Go away,Jacket,Go away Jacket by Typowear – expressive streetwear piece with hidden typographic message in minimalist form.
Go away,Hat,Go away Hat by Typowear – expressive streetwear piece with hidden typographic message in minimalist form.
Go away,Bag,Go away Bag by Typowear – expressive streetwear piece with hidden typographic message in minimalist form.
Go away,Shoes,Go away Shoes by Typowear – expressive streetwear piece with hidden typographic message in minimalist form.
Fuck the polite,T-shirt,Fuck the polite T-shirt by Typowear – expressive streetwear piece with hidden typographic message in minimalist form.
Fuck the polite,Tank top,Fuck the polite Tank top by Typowear – expressive streetwear piece with hidden typographic message in minimalist form.
Fuck the polite,Hoodie,Fuck the polite Hoodie by Typowear – expressive streetwear piece with hidden typographic message in minimalist form.
Fuck the polite,Jacket,Fuck the polite Jacket by Typowear – expressive streetwear piece with hidden typographic message in minimalist form.
Fuck the polite,Hat,Fuck the polite Hat by Typowear – expressive streetwear piece with hidden typographic message in minimalist form.
Fuck the polite,Bag,Fuck the polite Bag by Typowear – expressive streetwear piece with hidden typographic message in minimalist form.
Fuck the polite,Shoes,Fuck the polite Shoes by Typowear – expressive streetwear piece with hidden typographic message in minimalist form.
